titulo,link,fonte,data_coleta
Paramount fica perto de concluir fusão com Warner Bros; entenda negociações,https://www.cnnbrasil.com.br/economia/paramount-fica-perto-de-concluir-fusao-com-warner-bros-entenda-negociacoes/,CNN Brasil,2026-09-20 19:40:36
"Custo fiscal do reajuste do Bolsa Família não era previsto, diz pesquisador",https://www.cnnbrasil.com.br/economia/money/macroeconomia/custo-fiscal-do-reajuste-do-bolsa-familia-nao-era-previsto-diz-pesquisador/,CNN Brasil,2026-09-20 19:40:36
KBT registra alta de 51% nas exportações de papel e celulose,https://www.cnnbrasil.com.br/agro/kbt-registra-alta-de-51-nas-exportacoes-de-papel-e-celulose/,CNN Brasil,2026-09-20 19:40:36
Opções de compra crescem no mercado em meio à incerteza eleitoral,https://www.cnnbrasil.com.br/economia/money/mercado/opcoes-de-compra-crescem-no-mercado-em-meio-a-incerteza-eleitoral/,CNN Brasil,2026-09-20 19:40:36
Petróleo ainda é termômetro da economia? Entenda influência,https://stories.cnnbrasil.com.br/economia/petroleo-ainda-e-termometro-da-economia-entenda-influencia/,CNN Brasil,2026-09-20 19:40:36
Macroeconomia,https://www.cnnbrasil.com.br/economia/money/macroeconomia/,CNN Brasil,2026-09-20 19:40:36
"BC deve manter corte de juros em ciclo conservador, diz economista",https://www.cnnbrasil.com.br/economia/money/macroeconomia/bc-deve-manter-corte-de-juros-em-ciclo-conservador-diz-economista/,CNN Brasil,2026-09-20 19:40:36
"Com reajuste, Bolsa Família chegará a 48% do salário mínimo, diz economista",https://www.cnnbrasil.com.br/economia/com-reajuste-bolsa-familia-chegara-a-48-do-salario-minimo-diz-economista/,CNN Brasil,2026-09-20 19:40:36
"Fed deve subir juros nos EUA novamente neste ano, diz economista",https://www.cnnbrasil.com.br/economia/money/macroeconomia/fed-deve-subir-juros-nos-eua-novamente-neste-ano-diz-economista/,CNN Brasil,2026-09-20 19:40:36
Investimentos,https://www.cnnbrasil.com.br/tudo-sobre/investimentos/,CNN Brasil,2026-09-20 19:40:36
Bolsa de Valores,https://www.cnnbrasil.com.br/tudo-sobre/bolsa-de-valores/,CNN Brasil,2026-09-20 19:40:36
Mercado Pago,https://especiaispublicitarios.g1.globo.com/vqt-mercado-pago/,G1 Economia,2026-09-20 19:40:36
Mercado Imobiliário,https://g1.globo.com/go/goias/mercado-imobiliario/,G1 Economia,2026-09-20 19:40:36
Juros Futuros,https://www.infomoney.com.br/ferramentas/juros-futuros-di/,InfoMoney Mercados,2026-09-20 19:40:36
Indicadores de Inflação,https://www.infomoney.com.br/ferramentas/inflacao/,InfoMoney Mercados,2026-09-20 19:40:36
Simulador de Investimentos,https://www.infomoney.com.br/ferramentas/simulador-xp/,InfoMoney Mercados,2026-09-20 19:40:36
O que muda com BDRs no Ibovespa? Expectativa é por maior diversidade e novos fluxos,https://www.infomoney.com.br/mercados/o-que-muda-com-bdrs-no-ibovespa-expectativa-e-por-maior-diversidade-e-novos-fluxos/,InfoMoney Mercados,2026-09-20 19:40:36
Como investir em ações O passo a passo para aproveitar os sucessivos recordes da Bolsa para aumentar o patrimônio,https://lps.infomoney.com.br/como-investir-em-acoes-inscricao/?utm_source=infomoney&utm_medium=promo&utm_campaign=tes&utm_term=hiperlink&utm_content=home,InfoMoney Mercados,2026-09-20 19:40:36
Gestora americana espera “vários cortes de juros” no Brasil e vê Bolsa barata,https://www.infomoney.com.br/onde-investir/gestora-americana-espera-varios-cortes-de-juros-no-brasil-e-ve-bolsa-barata/,InfoMoney Mercados,2026-09-20 19:40:36
"Bolsa está barata? Para Kinea, pergunta é outra e eleição é “divisor de águas”",https://www.infomoney.com.br/mercados/bolsa-esta-barata-para-kinea-pergunta-certa-e-outra-e-eleicao-e-divisor-de-aguas/,InfoMoney Mercados,2026-09-20 19:40:36
"Calendário econômico: ata do Copom, IPCA-15, Relatório de Política Monetária no radar",https://www.infomoney.com.br/mercados/calendario-economico-ata-do-copom-e-relatorio-de-politica-monetaria-como-destaques/,InfoMoney Mercados,2026-09-20 19:40:36
Treasuries de curto prazo emergem como aposta popular de controle da inflação por Fed,https://www.infomoney.com.br/mercados/treasuries-de-curto-prazo-emergem-como-aposta-popular-de-controle-da-inflacao-por-fed/,InfoMoney Mercados,2026-09-20 19:40:36
"EXAME - Negócios, Economia, Tecnologia e Carreira",https://exame.com/,Exame Economia,2026-09-20 19:40:37
"BC mantém espaço para novo corte da Selic após eleições, dizem economistas",https://exame.com/economia/bc-mantem-espaco-para-novo-corte-da-selic-apos-eleicoes-dizem-economistas/,Exame Economia,2026-09-20 19:40:37
"Com Selic a 13,75% ao ano, Brasil segue com o maior juro real do mundo",https://exame.com/economia/com-selic-a-1375-ao-ano-brasil-segue-com-o-maior-juro-real-do-mundo/,Exame Economia,2026-09-20 19:40:37
"BC corta a Selic pela 5ª vez seguida e taxa de juros no Brasil cai para 13,75%",https://exame.com/economia/bc-corta-a-selic-pela-5a-vez-seguida-e-taxa-de-juros-no-brasil-cai-para-1375/,Exame Economia,2026-09-20 19:40:37
"Copom inicia reunião com expectativa de corte da Selic para 13,75%",https://exame.com/economia/copom-inicia-reuniao-com-expectativa-de-corte-da-selic-para-1375/,Exame Economia,2026-09-20 19:40:37
"CPI: inflação dos EUA acelera para 0,4% em agosto com alta da gasolina",https://exame.com/economia/cpi-inflacao-dos-eua-acelera-para-04-em-agosto-com-alta-da-gasolina/,Exame Economia,2026-09-20 19:40:37
"IPCA tem deflação de 0,32% em agosto; veja o que ficou mais barato",https://exame.com/economia/ipca-tem-deflacao-de-032-em-agosto-mercado-esperava-029/,Exame Economia,2026-09-20 19:40:37
Conferência em SP reúne investidores globais em mercado de US$ 234 bi,https://exame.com/economia/conferencia-em-sp-reune-investidores-globais-em-mercado-de-us-234-bi/,Exame Economia,2026-09-20 19:40:37
Focus: mercado reduz projeção do IPCA de 2026 pela 2ª semana seguida,https://exame.com/economia/focus-mercado-reduz-projecao-do-ipca-de-2026-pela-2a-semana-seguida/,Exame Economia,2026-09-20 19:40:37
EconomiaFim da escala 6x1: entenda o projeto e o que muda para os trabalhadores,https://exame.com/webstories/economia/fim-da-escala-6x1-entenda-o-projeto-e-o-que-muda-para-os-trabalhadores,Exame Economia,2026-09-20 19:40:37
EconomiaMaior salário médio do Brasil: SP lidera criação de empregos no Brasil,https://exame.com/webstories/economia/maior-salario-medio-do-brasil-sp-lidera-criacao-de-empregos-no-brasil,Exame Economia,2026-09-20 19:40:37
EconomiaQual será o impacto das tarifas de Trump na economia do Brasil?,https://exame.com/webstories/economia/qual-sera-o-impacto-das-tarifas-de-trump-na-economia-do-brasil,Exame Economia,2026-09-20 19:40:37
EconomiaO que explica a menor taxa de desemprego no Brasil da história?,https://exame.com/webstories/economia/o-que-explica-a-menor-taxa-de-desemprego-no-brasil-da-historia,Exame Economia,2026-09-20 19:40:37
"Orçamento de 2027 prevê inflação de 3,6% para o próximo ano",https://exame.com/economia/orcamento-de-2027-preve-inflacao-de-36-para-o-proximo-ano/,Exame Economia,2026-09-20 19:40:37
"Governo estima taxa Selic a 12,53% para 2027",https://exame.com/economia/governo-estima-taxa-selic-a-1253-para-2027/,Exame Economia,2026-09-20 19:40:37
Guia de Investimentos,https://exame.com/invest/guia/,Exame Economia,2026-09-20 19:40:37
Calculadora de Juros Compostos,https://exame.com/invest/calculadoras/calculadora-juros-compostos/,Exame Economia,2026-09-20 19:40:37
