,abertura,alta,baixa,fechamento,volume,ticker
2026-08-28,42.72,43.6,42.62,43.55,46135600.0,PETR4
2026-08-31,44.62,45.34,44.33,45.02,68431400.0,PETR4
2026-09-01,45.5,46.94,45.5,46.87,49726600.0,PETR4
2026-09-02,46.82,48.25,46.56,48.2,54091600.0,PETR4
2026-09-03,48.46,49.19,47.45,47.56,51488400.0,PETR4
2026-09-04,47.32,47.45,46.72,47.11,28838000.0,PETR4
2026-09-08,48.1,48.5,47.53,48.09,34388500.0,PETR4
2026-09-09,48.74,48.95,48.19,48.42,40391600.0,PETR4
2026-09-10,48.91,49.6,48.54,49.12,43955800.0,PETR4
2026-09-11,48.5,49.12,48.09,49.0,27610000.0,PETR4
2026-09-14,49.51,49.73,48.61,48.92,32098300.0,PETR4
2026-09-15,49.06,50.7,49.03,50.43,46559600.0,PETR4
2026-09-16,49.94,49.98,48.62,48.65,52457100.0,PETR4
2026-09-17,48.03,49.2,47.96,48.61,32429800.0,PETR4
2026-09-18,48.4,48.83,48.25,48.5,52733500.0,PETR4
2026-09-21,48.21,48.4,47.8,48.0,28757300.0,PETR4
2026-09-22,47.56,48.54,47.3,48.35,48852400.0,PETR4
2026-09-23,48.55,50.06,48.52,49.6,43570600.0,PETR4
2026-09-24,49.7,50.24,49.19,49.26,34675400.0,PETR4
2026-09-25,48.8,48.87,47.92,47.99,34427400.0,PETR4
2026-08-28,79.19,79.48,77.76,78.58,13040900.0,VALE3
2026-08-31,79.21,79.7,77.85,77.85,28004000.0,VALE3
2026-09-01,77.87,78.97,77.35,78.3,15755000.0,VALE3
2026-09-02,78.8,81.76,78.52,80.8,32989800.0,VALE3
2026-09-03,81.31,81.99,77.66,78.45,32356700.0,VALE3
2026-09-04,78.2,79.73,77.55,78.62,13868300.0,VALE3
2026-09-08,79.6,81.09,79.02,79.02,17890200.0,VALE3
2026-09-09,78.5,80.04,78.36,79.1,19118100.0,VALE3
2026-09-10,77.78,78.65,77.18,78.23,20768000.0,VALE3
2026-09-11,78.21,78.64,77.4,78.2,12231700.0,VALE3
2026-09-14,76.5,76.89,75.4,75.48,18635500.0,VALE3
2026-09-15,75.84,75.94,74.6,74.6,18100600.0,VALE3
2026-09-16,75.06,75.46,72.41,73.0,51929300.0,VALE3
2026-09-17,73.7,74.91,72.96,74.51,18802500.0,VALE3
2026-09-18,74.14,74.49,72.94,73.37,30622900.0,VALE3
2026-09-21,73.98,74.04,72.42,72.55,13471700.0,VALE3
2026-09-22,72.4,72.89,71.78,72.83,19696900.0,VALE3
2026-09-23,72.3,72.5,71.44,71.48,17696300.0,VALE3
2026-09-24,71.52,71.86,70.51,70.66,14430100.0,VALE3
2026-09-25,70.68,71.2,69.94,70.77,11325700.0,VALE3
2026-08-28,39.32,39.38,38.73,39.19,20889700.0,ITUB4
2026-08-31,39.58,39.85,39.27,39.52,25694900.0,ITUB4
2026-09-01,39.78,40.42,39.36,39.88,27032600.0,ITUB4
2026-09-02,40.27,41.6,40.0,41.41,44023900.0,ITUB4
2026-09-03,41.87,42.58,41.59,41.92,42338500.0,ITUB4
2026-09-04,41.92,42.49,41.39,41.92,23959900.0,ITUB4
2026-09-08,42.63,43.15,42.35,42.43,23857400.0,ITUB4
2026-09-09,42.04,42.19,41.26,41.59,29329700.0,ITUB4
2026-09-10,41.5,42.81,41.2,42.35,35626000.0,ITUB4
2026-09-11,42.55,42.77,42.22,42.73,17572900.0,ITUB4
2026-09-14,41.86,42.58,41.65,42.35,21585700.0,ITUB4
2026-09-15,42.65,42.84,42.1,42.67,16895900.0,ITUB4
2026-09-16,42.52,42.69,42.01,42.62,24595900.0,ITUB4
2026-09-17,42.79,43.08,42.02,42.58,22766400.0,ITUB4
2026-09-18,42.4,42.6,41.98,42.33,29168400.0,ITUB4
2026-09-21,42.7,43.25,42.7,43.08,15632800.0,ITUB4
2026-09-22,42.77,43.44,42.48,43.18,24184400.0,ITUB4
2026-09-23,42.7,43.72,42.35,42.37,19305500.0,ITUB4
2026-09-24,42.55,42.65,41.86,41.87,14855800.0,ITUB4
2026-09-25,41.85,42.43,41.72,42.13,16443200.0,ITUB4
2026-08-28,17.01,17.15,16.87,17.08,30888800.0,BBDC4
2026-08-31,17.29,17.38,17.13,17.19,40273400.0,BBDC4
2026-09-01,17.34,17.54,17.06,17.4,45884200.0,BBDC4
2026-09-02,17.62,17.81,17.48,17.75,90113300.0,BBDC4
2026-09-03,17.96,18.12,17.65,17.79,75715700.0,BBDC4
2026-09-04,17.74,17.98,17.63,17.9,44532700.0,BBDC4
2026-09-08,18.1,18.49,18.08,18.22,43084300.0,BBDC4
2026-09-09,18.0,18.15,17.74,17.79,30056500.0,BBDC4
2026-09-10,17.75,18.55,17.66,18.48,51431900.0,BBDC4
2026-09-11,18.5,18.59,18.37,18.59,34171600.0,BBDC4
2026-09-14,18.2,18.44,18.12,18.33,21528800.0,BBDC4
2026-09-15,18.45,18.46,18.14,18.2,24044300.0,BBDC4
2026-09-16,18.21,18.25,17.97,18.21,34375100.0,BBDC4
2026-09-17,18.19,18.26,17.85,18.15,40269400.0,BBDC4
2026-09-18,18.09,18.11,17.9,17.99,53315800.0,BBDC4
2026-09-21,18.15,18.23,18.01,18.16,54948000.0,BBDC4
2026-09-22,18.05,18.44,17.92,18.43,44514900.0,BBDC4
2026-09-23,18.18,18.66,18.03,18.03,39576500.0,BBDC4
2026-09-24,18.08,18.1,17.66,17.78,34713200.0,BBDC4
2026-09-25,17.74,17.95,17.65,17.88,21250100.0,BBDC4
2026-08-28,15.16,15.2,15.0,15.19,16656800.0,ABEV3
2026-08-31,15.3,15.31,15.03,15.03,50670600.0,ABEV3
2026-09-01,15.18,15.4,15.03,15.17,49321300.0,ABEV3
2026-09-02,15.31,15.68,15.17,15.6,45834800.0,ABEV3
2026-09-03,15.82,15.87,15.64,15.76,33952600.0,ABEV3
2026-09-04,15.76,15.88,15.62,15.74,27638900.0,ABEV3
2026-09-08,15.95,16.03,15.74,15.82,25579200.0,ABEV3
2026-09-09,15.69,15.78,15.51,15.58,22611500.0,ABEV3
2026-09-10,15.56,15.79,15.47,15.74,21311000.0,ABEV3
2026-09-11,15.78,15.78,15.59,15.62,22932100.0,ABEV3
2026-09-14,15.4,15.91,15.37,15.87,29303600.0,ABEV3
2026-09-15,15.95,15.95,15.71,15.73,20798700.0,ABEV3
2026-09-16,15.7,15.77,15.52,15.63,32094600.0,ABEV3
2026-09-17,15.63,15.73,15.44,15.55,18516700.0,ABEV3
2026-09-18,15.47,15.53,15.29,15.38,35369900.0,ABEV3
2026-09-21,15.48,15.62,15.42,15.5,18020700.0,ABEV3
2026-09-22,15.34,15.61,15.31,15.6,24129900.0,ABEV3
2026-09-23,15.45,15.58,15.3,15.3,20586000.0,ABEV3
2026-09-24,15.35,15.55,15.32,15.34,15784900.0,ABEV3
2026-09-25,15.3,15.39,15.21,15.32,12312000.0,ABEV3
2026-08-28,20.09,20.39,19.88,20.17,21595800.0,BBAS3
2026-08-31,20.41,21.01,20.35,20.74,44963600.0,BBAS3
2026-09-01,20.9,21.43,20.83,21.21,30270400.0,BBAS3
2026-09-02,21.26,22.67,21.1,22.26,54201800.0,BBAS3
2026-09-03,22.57,22.97,22.0,22.45,40848600.0,BBAS3
2026-09-04,22.32,22.73,22.11,22.52,26770000.0,BBAS3
2026-09-08,22.84,23.21,22.58,22.6,30078000.0,BBAS3
2026-09-09,22.44,22.65,21.97,22.18,30168000.0,BBAS3
2026-09-10,22.0,22.91,21.91,22.8,32399800.0,BBAS3
2026-09-11,22.8,22.97,22.29,22.49,22364900.0,BBAS3
2026-09-14,21.95,22.26,21.83,22.12,29606200.0,BBAS3
2026-09-15,22.28,22.33,21.92,22.04,21927800.0,BBAS3
2026-09-16,21.95,22.74,21.51,22.71,31940600.0,BBAS3
2026-09-17,22.79,23.03,22.3,22.78,30601300.0,BBAS3
2026-09-18,22.59,23.23,22.3,23.2,59723000.0,BBAS3
2026-09-21,23.2,23.38,22.83,22.99,57695000.0,BBAS3
2026-09-22,22.84,22.89,22.3,22.67,51689800.0,BBAS3
2026-09-23,22.43,23.07,22.12,22.17,39448900.0,BBAS3
2026-09-24,22.17,22.24,21.48,21.54,36812600.0,BBAS3
2026-09-25,21.54,21.77,21.27,21.59,43161500.0,BBAS3
2026-08-28,15.9,16.11,15.59,16.04,25181700.0,B3SA3
2026-08-31,16.22,16.44,16.08,16.22,32513500.0,B3SA3
2026-09-01,16.39,16.88,16.16,16.62,55222400.0,B3SA3
2026-09-02,16.74,17.57,16.71,17.26,41077700.0,B3SA3
2026-09-03,17.6,17.9,17.35,17.35,42865600.0,B3SA3
2026-09-04,17.25,17.61,17.12,17.37,29092100.0,B3SA3
2026-09-08,17.68,17.88,17.55,17.64,35875800.0,B3SA3
2026-09-09,17.47,17.51,17.08,17.29,57684700.0,B3SA3
2026-09-10,17.15,17.81,16.98,17.66,83504800.0,B3SA3
2026-09-11,17.8,17.83,17.2,17.28,32548400.0,B3SA3
2026-09-14,16.85,17.44,16.81,17.37,38229400.0,B3SA3
2026-09-15,17.56,17.61,17.2,17.42,28718200.0,B3SA3
2026-09-16,17.37,17.76,17.32,17.58,30862100.0,B3SA3
2026-09-17,17.73,17.79,17.24,17.6,31853100.0,B3SA3
2026-09-18,17.44,17.7,17.39,17.59,67879900.0,B3SA3
2026-09-21,17.78,18.38,17.75,18.23,49189900.0,B3SA3
2026-09-22,18.12,18.53,18.03,18.43,83679000.0,B3SA3
2026-09-23,18.04,18.49,17.97,18.04,46402400.0,B3SA3
2026-09-24,18.0,18.09,17.7,17.82,43921400.0,B3SA3
2026-09-25,17.76,18.03,17.62,17.96,17056500.0,B3SA3
2026-08-28,50.32,50.45,49.87,49.98,3841400.0,WEGE3
2026-08-31,50.23,50.55,49.53,50.15,11278700.0,WEGE3
2026-09-01,50.31,50.54,49.55,49.7,7960100.0,WEGE3
2026-09-02,50.0,51.0,49.63,50.84,9517600.0,WEGE3
2026-09-03,51.22,52.39,50.97,52.06,10693400.0,WEGE3
2026-09-04,51.94,52.54,51.08,51.74,6753800.0,WEGE3
2026-09-08,52.65,52.99,52.05,52.65,7319400.0,WEGE3
2026-09-09,51.93,52.45,51.32,51.69,8047200.0,WEGE3
2026-09-10,51.6,52.22,50.86,52.17,9970000.0,WEGE3
2026-09-11,52.35,52.44,51.07,51.49,6431100.0,WEGE3
2026-09-14,50.07,51.29,49.88,50.74,8262100.0,WEGE3
2026-09-15,51.14,51.29,50.47,50.88,7058800.0,WEGE3
2026-09-16,50.95,51.78,50.21,51.28,6862600.0,WEGE3
2026-09-17,51.71,51.84,50.69,51.08,6504800.0,WEGE3
2026-09-18,51.0,51.78,50.95,51.78,11143400.0,WEGE3
2026-09-21,52.0,52.06,50.81,51.08,8468900.0,WEGE3
2026-09-22,50.71,52.0,50.62,51.8,6752500.0,WEGE3
2026-09-23,51.4,51.92,51.13,51.16,4820900.0,WEGE3
2026-09-24,51.0,51.32,50.08,50.74,6455000.0,WEGE3
2026-09-25,50.64,51.26,50.25,51.07,6025400.0,WEGE3
2026-08-28,35.38,35.56,34.41,34.81,4030800.0,RENT3
2026-08-31,35.3,35.73,34.94,35.07,7975400.0,RENT3
2026-09-01,35.39,35.79,34.3,34.64,12634300.0,RENT3
2026-09-02,35.02,37.51,34.17,36.36,11389200.0,RENT3
2026-09-03,37.48,38.55,36.75,36.75,13589800.0,RENT3
2026-09-04,36.64,37.21,35.99,36.64,7730800.0,RENT3
2026-09-08,37.46,37.48,36.85,36.85,8744200.0,RENT3
2026-09-09,36.43,36.44,35.49,35.72,7117400.0,RENT3
2026-09-10,35.38,37.25,35.28,36.81,9992100.0,RENT3
2026-09-11,37.0,37.16,35.46,35.8,8690800.0,RENT3
2026-09-14,34.6,35.95,34.55,35.59,4375900.0,RENT3
2026-09-15,35.97,36.28,35.33,35.68,5724300.0,RENT3
2026-09-16,35.49,36.94,35.42,36.44,8651600.0,RENT3
2026-09-17,36.6,36.95,35.6,36.7,19470400.0,RENT3
2026-09-18,36.49,36.7,35.91,36.2,11530200.0,RENT3
2026-09-21,36.7,38.04,36.45,37.44,8601700.0,RENT3
2026-09-22,37.3,38.11,36.75,37.9,7931800.0,RENT3
2026-09-23,37.54,39.23,37.38,38.15,15701700.0,RENT3
2026-09-24,38.34,39.14,37.62,38.71,34814300.0,RENT3
2026-09-25,38.5,39.45,37.87,38.35,14217600.0,RENT3
2026-08-28,4.85,4.9,4.5,4.62,23096000.0,MGLU3
2026-08-31,4.68,4.9,4.65,4.81,25643500.0,MGLU3
2026-09-01,4.85,4.99,4.6,4.62,28276800.0,MGLU3
2026-09-02,4.75,5.75,4.67,5.4,65931300.0,MGLU3
2026-09-03,5.71,5.88,5.5,5.56,41714000.0,MGLU3
2026-09-04,5.52,5.87,5.48,5.79,31939100.0,MGLU3
2026-09-08,5.97,6.15,5.8,5.83,30332900.0,MGLU3
2026-09-09,5.83,5.83,5.57,5.57,29970400.0,MGLU3
2026-09-10,5.5,5.94,5.41,5.94,33953500.0,MGLU3
2026-09-11,5.87,6.02,5.7,5.76,23852200.0,MGLU3
2026-09-14,5.6,5.71,5.53,5.57,18596800.0,MGLU3
2026-09-15,5.63,5.69,5.45,5.57,19232000.0,MGLU3
2026-09-16,5.57,5.97,5.53,5.94,29986100.0,MGLU3
2026-09-17,5.98,6.05,5.68,5.79,29045700.0,MGLU3
2026-09-18,5.87,5.93,5.59,5.85,24875900.0,MGLU3
2026-09-21,5.97,6.08,5.87,5.98,22162400.0,MGLU3
2026-09-22,5.93,6.02,5.78,5.9,20617100.0,MGLU3
2026-09-23,5.81,6.29,5.78,6.12,37917600.0,MGLU3
2026-09-24,6.13,6.3,5.95,6.3,32722700.0,MGLU3
2026-09-25,6.27,6.76,6.22,6.76,40002200.0,MGLU3
